"gameids","away","home","awayscore","homescore"
"0021700001","Celtics","Cavaliers",99,102
"0021700002","Rockets","Warriors",122,121
"0021700003","Hornets","Pistons",90,102
"0021700004","Nets","Pacers",131,140
"0021700005","Heat","Magic",109,116
"0021700006","76ers","Wizards",115,120
"0021700007","Bucks","Celtics",108,100
"0021700008","Pelicans","Grizzlies",91,103
"0021700009","Hawks","Mavericks",117,111
"0021700010","Nuggets","Jazz",96,106
"0021700011","Timberwolves","Spurs",99,107
"0021700012","TrailBlazers","Suns",124,76
"0021700013","Rockets","Kings",105,100
"0021700014","Bulls","Raptors",100,117
"0021700015","Knicks","Thunder",84,105
"0021700016","Clippers","Lakers",108,92
"0021700017","Hawks","Hornets",91,109
"0021700018","TrailBlazers","Pacers",114,96
"0021700019","Celtics","76ers",102,92
"0021700020","Pistons","Wizards",111,115
"0021700021","Cavaliers","Bucks",116,97
"0021700022","Magic","Nets",121,126
"0021700023","Jazz","Timberwolves",97,100
"0021700024","Kings","Mavericks",93,88
"0021700025","Warriors","Pelicans",128,120
"0021700026","Lakers","Suns",132,130
"0021700027","76ers","Raptors",94,128
"0021700028","Magic","Cavaliers",114,93
"0021700029","Pacers","Heat",108,112
"0021700030","Pistons","Knicks",111,107
"0021700031","Spurs","Bulls",87,77
"0021700032","Mavericks","Rockets",91,107
"0021700033","Warriors","Grizzlies",101,111
"0021700034","TrailBlazers","Bucks",110,113
"0021700035","Kings","Nuggets",79,96
"0021700036","Thunder","Jazz",87,96
"0021700037","Suns","Clippers",88,130
"0021700038","Hawks","Nets",104,116
"0021700039","Timberwolves","Thunder",115,113
"0021700040","Pelicans","Lakers",119,112
"0021700041","76ers","Pistons",97,86
"0021700042","Hawks","Heat",93,104
"0021700043","Grizzlies","Rockets",98,90
"0021700044","Hornets","Bucks",94,103
"0021700045","Warriors","Mavericks",133,103
"0021700046","Raptors","Spurs",97,101
"0021700047","Wizards","Nuggets",109,104
"0021700048","Kings","Suns",115,117
"0021700049","Bulls","Cavaliers",112,119
"0021700050","Nets","Magic",121,125
"0021700051","Knicks","Celtics",89,110
"0021700052","Pacers","Timberwolves",130,107
"0021700053","Pelicans","TrailBlazers",93,103
"0021700054","Jazz","Clippers",84,102
"0021700055","Nuggets","Hornets",93,110
"0021700056","Timberwolves","Pistons",101,122
"0021700057","Rockets","76ers",105,104
"0021700058","Cavaliers","Nets",107,112
"0021700059","Spurs","Heat",117,100
"0021700060","Pacers","Thunder",96,114
"0021700061","Grizzlies","Mavericks",94,103
"0021700062","Jazz","Suns",88,97
"0021700063","Raptors","Warriors",112,117
"0021700064","Wizards","Lakers",99,102
"0021700065","Hawks","Bulls",86,91
"0021700066","Mavericks","Grizzlies",91,96
"0021700067","Celtics","Bucks",96,89
"0021700068","Clippers","TrailBlazers",104,103
"0021700069","Pelicans","Kings",114,106
"0021700070","Rockets","Hornets",109,93
"0021700071","Spurs","Magic",87,114
"0021700072","Nuggets","Hawks",105,100
"0021700073","Nets","Knicks",86,107
"0021700074","Thunder","Timberwolves",116,119
"0021700075","Wizards","Warriors",117,120
"0021700076","Raptors","Lakers",101,92
"0021700077","Cavaliers","Pelicans",101,123
"0021700078","Celtics","Heat",96,90
"0021700079","Thunder","Bulls",101,69
"0021700080","Rockets","Grizzlies",89,103
"0021700081","76ers","Mavericks",112,110
"0021700082","Lakers","Jazz",81,96
"0021700083","Suns","TrailBlazers",107,114
"0021700084","Pistons","Clippers",95,87
"0021700085","Bucks","Hawks",117,106
"0021700086","Spurs","Pacers",94,97
"0021700087","Nuggets","Nets",124,111
"0021700088","Magic","Hornets",113,120
"0021700089","Wizards","Kings",110,83
"0021700090","Knicks","Cavaliers",114,95
"0021700091","Pistons","Warriors",115,107
"0021700092","Spurs","Celtics",94,108
"0021700093","Timberwolves","Heat",125,122
"0021700094","Nuggets","Knicks",110,116
"0021700095","76ers","Rockets",115,107
"0021700096","Hornets","Grizzlies",104,99
"0021700097","Magic","Pelicans",115,99
"0021700098","Mavericks","Jazz",89,104
"0021700099","Raptors","TrailBlazers",99,85
"0021700100","Warriors","Clippers",141,113
"0021700101","Kings","Pacers",83,101
"0021700102","Suns","Nets",122,114
"0021700103","Thunder","Bucks",110,91
"0021700104","Pistons","Lakers",93,113
"0021700105","Bucks","Hornets",121,126
"0021700106","Pacers","Cavaliers",124,107
"0021700107","Hawks","76ers",109,119
"0021700108","Suns","Wizards",122,116
"0021700109","Kings","Celtics",86,113
"0021700110","Bulls","Heat",91,97
"0021700111","Rockets","Knicks",119,97
"0021700112","Magic","Grizzlies",101,99
"0021700113","Timberwolves","Pelicans",104,98
"0021700114","Raptors","Nuggets",111,129
"0021700115","TrailBlazers","Jazz",103,112
"0021700116","Mavericks","Clippers",98,119
"0021700117","Warriors","Spurs",112,92
"0021700118","Lakers","TrailBlazers",110,113
"0021700119","Bucks","Pistons",96,105
"0021700120","Bulls","Magic",105,83
"0021700121","Pacers","76ers",110,121
"0021700122","Cavaliers","Wizards",130,122
"0021700123","Rockets","Hawks",119,104
"0021700124","Suns","Knicks",107,120
"0021700125","Pelicans","Mavericks",99,94
"0021700126","Hornets","Spurs",101,108
"0021700127","Heat","Nuggets",94,95
"0021700128","Raptors","Jazz",109,100
"0021700129","Celtics","Thunder",101,94
"0021700130","Nets","Lakers",112,124
"0021700131","Grizzlies","Clippers",113,104
"0021700132","Kings","Pistons",99,108
"0021700133","Pelicans","Bulls",96,90
"0021700134","Mavericks","Timberwolves",99,112
"0021700135","Warriors","Nuggets",127,108
"0021700136","Hawks","Cavaliers",117,115
"0021700137","Heat","Clippers",104,101
"0021700138","Celtics","Magic",104,88
"0021700139","Wizards","Raptors",107,96
"0021700140","Jazz","Rockets",110,137
"0021700141","Suns","Spurs",95,112
"0021700142","Pacers","Knicks",101,108
"0021700143","Hornets","Timberwolves",94,112
"0021700144","Thunder","TrailBlazers",99,103
"0021700145","Grizzlies","Lakers",102,107
"0021700146","Celtics","Hawks",110,107
"0021700147","Nets","Suns",98,92
"0021700148","Heat","Warriors",80,97
"0021700149","Bucks","Cavaliers",119,124
"0021700150","Pelicans","Pacers",117,112
"0021700151","Mavericks","Wizards",113,99
"0021700152","Hornets","Knicks",113,118
"0021700153","Bulls","Raptors",114,119
"0021700154","Clippers","Spurs",107,120
"0021700155","Nets","Nuggets",104,112
"0021700156","76ers","Jazz",104,97
"0021700157","Grizzlies","TrailBlazers",98,97
"0021700158","Thunder","Kings",86,94
"0021700159","Pacers","Pistons",97,114
"0021700160","Knicks","Magic",99,112
"0021700161","Lakers","Celtics",96,107
"0021700162","Heat","Suns",126,115
"0021700163","Timberwolves","Warriors",101,125
"0021700164","Lakers","Wizards",95,111
"0021700165","Pelicans","Raptors",118,122
"0021700166","Cavaliers","Rockets",113,117
"0021700167","76ers","Kings",108,109
"0021700168","Thunder","Nuggets",94,102
"0021700169","Hawks","Pistons",104,111
"0021700170","Hornets","Celtics",87,90
"0021700171","Pacers","Bulls",105,87
"0021700172","Clippers","Thunder",111,120
"0021700173","Bucks","Spurs",94,87
"0021700174","Magic","Suns",128,112
"0021700175","Heat","Jazz",84,74
"0021700176","Nets","TrailBlazers",101,97
"0021700177","Hawks","Wizards",94,113
"0021700178","Clippers","Pelicans",103,111
"0021700179","Kings","Knicks",91,118
"0021700180","Grizzlies","Rockets",96,111
"0021700181","Cavaliers","Mavericks",111,104
"0021700182","Lakers","Bucks",90,98
"0021700183","Bulls","Spurs",94,133
"0021700184","76ers","Warriors",114,135
"0021700185","Magic","Nuggets",107,125
"0021700186","Timberwolves","Suns",110,118
"0021700187","Nets","Jazz",106,114
"0021700188","Raptors","Celtics",94,95
"0021700189","Heat","Pistons",103,112
"0021700190","Rockets","Pacers",118,95
"0021700191","Mavericks","Thunder",99,112
"0021700192","Kings","Wizards",92,110
"0021700193","Cavaliers","Knicks",104,101
"0021700194","Grizzlies","Bucks",103,110
"0021700195","Hawks","Pelicans",105,106
"0021700196","Lakers","Suns",100,93
"0021700197","Timberwolves","Jazz",109,98
"0021700198","Nuggets","TrailBlazers",82,99
"0021700199","Magic","Warriors",100,110
"0021700200","76ers","Clippers",109,105
"0021700201","Celtics","Nets",109,102
"0021700202","Raptors","Rockets",129,113
"0021700203","Spurs","Mavericks",97,91
"0021700204","Kings","Hawks",80,126
"0021700205","Wizards","Heat",102,93
"0021700206","Jazz","Knicks",101,106
"0021700207","Cavaliers","Hornets",115,107
"0021700208","Pacers","Grizzlies",116,113
"0021700209","Pistons","Bucks",95,99
"0021700210","Spurs","Timberwolves",86,98
"0021700211","Raptors","Pelicans",125,116
"0021700212","Bulls","Thunder",79,92
"0021700213","Magic","TrailBlazers",94,99
"0021700214","76ers","Lakers",115,109
"0021700215","Warriors","Celtics",88,92
"0021700216","Rockets","Suns",142,116
"0021700217","Pistons","Pacers",100,107
"0021700218","Heat","Wizards",91,88
"0021700219","Jazz","Nets",107,118
"0021700220","Clippers","Cavaliers",113,118
"0021700221","Knicks","Raptors",84,107
"0021700222","Hornets","Bulls",120,123
"0021700223","Thunder","Spurs",101,104
"0021700224","Timberwolves","Mavericks",111,87
"0021700225","TrailBlazers","Kings",82,86
"0021700226","Pelicans","Nuggets",114,146
"0021700227","Suns","Lakers",122,113
"0021700228","Clippers","Hornets",87,102
"0021700229","Jazz","Magic",125,85
"0021700230","Celtics","Hawks",110,99
"0021700231","Warriors","76ers",124,116
"0021700232","Rockets","Grizzlies",105,83
"0021700233","Bucks","Mavericks",79,111
"0021700234","Kings","TrailBlazers",90,102
"0021700235","Pacers","Heat",120,95
"0021700236","Warriors","Nets",118,111
"0021700237","Wizards","Raptors",91,100
"0021700238","Pistons","Timberwolves",100,97
"0021700239","Bulls","Suns",105,113
"0021700240","Nuggets","Lakers",109,127
"0021700241","Timberwolves","Hornets",102,118
"0021700242","Cavaliers","Pistons",116,88
"0021700243","Pacers","Magic",105,97
"0021700244","Jazz","76ers",86,107
"0021700245","Clippers","Knicks",85,107
"0021700246","TrailBlazers","Grizzlies",100,92
"0021700247","Wizards","Bucks",99,88
"0021700248","Thunder","Pelicans",107,114
"0021700249","Celtics","Mavericks",110,102
"0021700250","Hawks","Spurs",85,96
"0021700251","Nuggets","Kings",114,98
"0021700252","Bulls","Lakers",94,103
"0021700253","Wizards","Hornets",124,129
"0021700254","Nets","Cavaliers",109,119
"0021700255","TrailBlazers","76ers",81,101
"0021700256","Clippers","Hawks",116,103
"0021700257","Celtics","Heat",98,104
"0021700258","Raptors","Knicks",100,108
"0021700259","Nuggets","Rockets",95,125
"0021700260","Mavericks","Grizzlies",95,94
"0021700261","Magic","Timberwolves",118,124
"0021700262","Spurs","Pelicans",90,107
"0021700263","Warriors","Thunder",91,108
"0021700264","Bucks","Suns",113,107
"0021700265","Bulls","Jazz",80,110
"0021700266","Lakers","Kings",102,113
"0021700267","TrailBlazers","Nets",127,125
"0021700268","Knicks","Hawks",104,116
"0021700269","Magic","Celtics",103,118
"0021700270","Hornets","Cavaliers",99,100
"0021700271","Raptors","Pacers",104,107
"0021700272","Heat","Timberwolves",109,97
"0021700273","Pistons","Thunder",99,98
"0021700274","Grizzlies","Nuggets",92,104
"0021700275","Pelicans","Suns",115,91
"0021700276","Bulls","Warriors",94,143
"0021700277","Spurs","Hornets",106,86
"0021700278","Magic","76ers",111,130
"0021700279","TrailBlazers","Wizards",108,105
"0021700280","Raptors","Hawks",112,78
"0021700281","Celtics","Pacers",108,98
"0021700282","Knicks","Rockets",102,117
"0021700283","Thunder","Mavericks",81,97
"0021700284","Pelicans","Warriors",95,110
"0021700285","Bucks","Jazz",108,121
"0021700286","Clippers","Kings",97,95
"0021700287","Heat","Bulls",100,93
"0021700288","Suns","Timberwolves",108,119
"0021700289","Nets","Grizzlies",98,88
"0021700290","Magic","Pacers",109,121
"0021700291","Cavaliers","76ers",113,91
"0021700292","Pistons","Celtics",118,108
"0021700293","TrailBlazers","Knicks",103,91
"0021700294","Nets","Rockets",103,117
"0021700295","Mavericks","Spurs",108,115
"0021700296","Kings","Warriors",110,106
"0021700297","Lakers","Clippers",115,120
"0021700298","Heat","Cavaliers",97,108
"0021700299","Suns","Bulls",104,99
"0021700300","Wizards","Timberwolves",92,89
"0021700301","Nuggets","Jazz",77,106
"0021700302","Bucks","Kings",112,87
"0021700303","Suns","Pistons",107,131
"0021700304","Thunder","Magic",108,121
"0021700305","Wizards","76ers",113,118
"0021700306","Heat","Knicks",86,115
"0021700307","Hornets","Raptors",113,126
"0021700308","Pacers","Rockets",97,118
"0021700309","Timberwolves","Pelicans",120,102
"0021700310","Nets","Mavericks",109,104
"0021700311","Grizzlies","Spurs",95,104
"0021700312","Warriors","Lakers",127,123
"0021700313","Cavaliers","Hawks",121,114
"0021700314","76ers","Celtics",97,108
"0021700315","Bulls","Nuggets",110,111
"0021700316","Bucks","TrailBlazers",103,91
"0021700317","Jazz","Clippers",126,107
"0021700318","Warriors","Magic",133,112
"0021700319","Pacers","Raptors",115,120
"0021700320","Pistons","Wizards",91,109
"0021700321","Hornets","Heat",100,105
"0021700322","Kings","Bulls",107,106
"0021700323","Spurs","Grizzlies",95,79
"0021700324","Timberwolves","Thunder",107,111
"0021700325","Pelicans","Jazz",108,114
"0021700326","Suns","Celtics",111,116
"0021700327","Clippers","Mavericks",82,108
"0021700328","Hawks","Nets",114,102
"0021700329","Grizzlies","Cavaliers",111,116
"0021700330","Pistons","76ers",103,108
"0021700331","Kings","Bucks",104,109
"0021700332","Lakers","Nuggets",100,115
"0021700333","Pelicans","TrailBlazers",123,116
"0021700334","Magic","Knicks",105,100
"0021700335","Warriors","Heat",123,95
"0021700336","Clippers","Timberwolves",106,112
"0021700337","Spurs","Thunder",87,90
"0021700338","Rockets","Lakers",118,95
"0021700339","Magic","Hornets",94,104
"0021700340","Knicks","Pacers",97,115
"0021700341","Suns","76ers",115,101
"0021700342","Nets","Hawks",110,90
"0021700343","Bucks","Celtics",100,111
"0021700344","Cavaliers","Bulls",113,91
"0021700345","Timberwolves","Grizzlies",92,95
"0021700346","Warriors","Pelicans",125,115
"0021700347","Nuggets","Mavericks",105,122
"0021700348","Pistons","Spurs",93,96
"0021700349","Wizards","Jazz",69,116
"0021700350","Suns","Raptors",113,126
"0021700351","Jazz","Thunder",94,100
"0021700352","Wizards","TrailBlazers",106,92
"0021700353","Kings","Cavaliers",95,101
"0021700354","Bulls","Pacers",96,98
"0021700355","Hawks","Magic",106,110
"0021700356","Mavericks","Celtics",90,97
"0021700357","Grizzlies","Knicks",88,99
"0021700358","Warriors","Hornets",101,87
"0021700359","Pistons","Bucks",100,104
"0021700360","Nuggets","Pelicans",114,123
"0021700361","Heat","Spurs",105,117
"0021700362","Timberwolves","Clippers",113,107
"0021700363","Lakers","76ers",107,104
"0021700364","Wizards","Suns",109,99
"0021700365","Thunder","Nets",95,100
"0021700366","Rockets","Jazz",112,101
"0021700367","Bulls","Hornets",119,111
"0021700368","Warriors","Pistons",102,98
"0021700369","Cavaliers","Pacers",102,106
"0021700370","Nuggets","Magic",103,89
"0021700371","Raptors","Grizzlies",116,107
"0021700372","Mavericks","Bucks",102,109
"0021700373","Kings","Pelicans",116,109
"0021700374","Celtics","Spurs",102,105
"0021700375","Wizards","Clippers",112,113
"0021700376","Heat","Nets",101,89
"0021700377","Lakers","Hornets",110,99
"0021700378","Magic","Hawks",110,117
"0021700379","76ers","Cavaliers",98,105
"0021700380","Knicks","Bulls",102,104
"0021700381","Jazz","Bucks",100,117
"0021700382","Thunder","Grizzlies",102,101
"0021700383","Spurs","Suns",104,101
"0021700384","Rockets","TrailBlazers",124,117
"0021700385","Raptors","Kings",102,87
"0021700386","Celtics","Pistons",91,81
"0021700387","Nuggets","Pacers",116,126
"0021700388","Mavericks","Timberwolves",92,97
"0021700389","76ers","Pelicans",124,131
"0021700390","Hawks","Knicks",107,111
"0021700391","Celtics","Bulls",85,108
"0021700392","Pelicans","Rockets",123,130
"0021700393","Heat","Grizzlies",107,82
"0021700394","Hornets","Thunder",116,103
"0021700395","TrailBlazers","Warriors",104,111
"0021700396","Raptors","Clippers",91,96
"0021700397","Hawks","Cavaliers",114,123
"0021700398","Nuggets","Pistons",103,84
"0021700399","Lakers","Knicks",109,113
"0021700400","Wizards","Nets",98,103
"0021700401","76ers","Timberwolves",118,112
"0021700402","Spurs","Mavericks",89,95
"0021700403","Suns","Kings",92,99
"0021700404","Thunder","Pacers",100,95
"0021700405","Clippers","Magic",106,95
"0021700406","Grizzlies","Wizards",87,93
"0021700407","Nuggets","Celtics",118,124
"0021700408","TrailBlazers","Heat",102,95
"0021700409","Jazz","Bulls",100,103
"0021700410","Bucks","Pelicans",108,115
"0021700411","Raptors","Suns",115,109
"0021700412","Hornets","Rockets",96,108
"0021700413","Pistons","Hawks",105,91
"0021700414","Knicks","Nets",111,104
"0021700415","Lakers","Cavaliers",112,121
"0021700416","Kings","Timberwolves",96,119
"0021700417","Mavericks","Warriors",97,112
"0021700418","Heat","Hornets",104,98
"0021700419","Pistons","Pacers",104,98
"0021700420","TrailBlazers","Magic",95,88
"0021700421","Thunder","76ers",119,117
"0021700422","Clippers","Wizards",91,100
"0021700423","Jazz","Celtics",107,95
"0021700424","Nets","Raptors",87,120
"0021700425","Hawks","Grizzlies",94,96
"0021700426","Bulls","Bucks",115,109
"0021700427","Pelicans","Nuggets",111,117
"0021700428","Spurs","Rockets",109,124
"0021700429","TrailBlazers","Hornets",93,91
"0021700430","Jazz","Cavaliers",100,109
"0021700431","Thunder","Knicks",96,111
"0021700432","Clippers","Heat",85,90
"0021700433","Bucks","Rockets",111,115
"0021700434","Suns","Timberwolves",108,106
"0021700435","Mavericks","Spurs",96,98
"0021700436","Celtics","Grizzlies",102,93
"0021700437","Kings","Raptors",93,108
"0021700438","Magic","Pistons",110,114
"0021700439","Pacers","Nets",109,97
"0021700440","Cavaliers","Wizards",106,99
"0021700441","Knicks","Hornets",91,109
"0021700442","Celtics","Pacers",112,111
"0021700443","Heat","Hawks",104,110
"0021700444","76ers","Bulls",115,117
"0021700445","Jazz","Rockets",99,120
"0021700446","TrailBlazers","Timberwolves",107,108
"0021700447","Nuggets","Thunder",94,95
"0021700448","Suns","Mavericks",97,91
"0021700449","Clippers","Spurs",91,109
"0021700450","Warriors","Lakers",116,114
"0021700451","Kings","76ers",101,95
"0021700452","Pelicans","Wizards",106,116
"0021700453","Cavaliers","Bucks",116,119
"0021700454","Raptors","Hornets",129,111
"0021700455","Pacers","Hawks",105,95
"0021700456","Heat","Celtics",90,89
"0021700457","Kings","Nets",104,99
"0021700458","Magic","Bulls",94,112
"0021700459","Lakers","Rockets",122,116
"0021700460","Jazz","Thunder",79,107
"0021700461","Pistons","Mavericks",93,110
"0021700462","Timberwolves","Nuggets",112,104
"0021700463","Spurs","TrailBlazers",93,91
"0021700464","Grizzlies","Warriors",84,97
"0021700465","Suns","Clippers",95,108
"0021700466","Bulls","Cavaliers",112,115
"0021700467","Raptors","76ers",114,109
"0021700468","Celtics","Knicks",93,102
"0021700469","Grizzlies","Suns",95,97
"0021700470","Spurs","Jazz",89,100
"0021700471","Knicks","Pistons",101,104
"0021700472","Pelicans","Magic",111,97
"0021700473","Wizards","Nets",84,119
"0021700474","Mavericks","Heat",101,113
"0021700475","Clippers","Rockets",128,118
"0021700476","Hornets","Bucks",104,109
"0021700477","Hawks","Thunder",117,120
"0021700478","Nuggets","TrailBlazers",102,85
"0021700479","Lakers","Warriors",106,113
"0021700480","76ers","Raptors",86,102
"0021700481","Bucks","Hornets",106,111
"0021700482","Nets","Pacers",119,123
"0021700483","Magic","Wizards",103,130
"0021700484","Mavericks","Hawks",107,112
"0021700485","Bulls","Celtics",92,117
"0021700486","Pelicans","Heat",109,94
"0021700487","Clippers","Grizzlies",112,115
"0021700488","Thunder","Jazz",103,89
"0021700489","Nuggets","Warriors",96,81
"0021700490","Timberwolves","Suns",115,106
"0021700491","TrailBlazers","Lakers",95,92
"0021700492","Spurs","Kings",108,99
"0021700493","76ers","Knicks",105,98
"0021700494","Cavaliers","Warriors",92,99
"0021700495","Wizards","Celtics",111,103
"0021700496","Rockets","Thunder",107,112
"0021700497","Timberwolves","Lakers",121,104
"0021700498","Pacers","Pistons",83,107
"0021700499","Raptors","Mavericks",93,98
"0021700500","Magic","Heat",89,107
"0021700501","Bulls","Bucks",115,106
"0021700502","Nets","Spurs",97,109
"0021700503","Jazz","Nuggets",83,107
"0021700504","Grizzlies","Suns",97,99
"0021700505","Kings","Clippers",95,122
"0021700506","Celtics","Hornets",102,91
"0021700507","Mavericks","Pacers",98,94
"0021700508","Wizards","Hawks",99,113
"0021700509","Knicks","Bulls",87,92
"0021700510","Nuggets","Timberwolves",125,128
"0021700511","Nets","Pelicans",113,128
"0021700512","Raptors","Thunder",107,124
"0021700513","Cavaliers","Kings",95,109
"0021700514","Jazz","Warriors",101,126
"0021700515","Grizzlies","Lakers",109,99
"0021700516","Pistons","Magic",89,102
"0021700517","Rockets","Celtics",98,99
"0021700518","Timberwolves","Bucks",96,102
"0021700519","Knicks","Spurs",107,119
"0021700520","76ers","TrailBlazers",110,114
"0021700521","Rockets","Wizards",103,121
"0021700522","Hawks","Raptors",98,111
"0021700523","Nets","Heat",111,87
"0021700524","Pacers","Bulls",107,119
"0021700525","Mavericks","Pelicans",128,120
"0021700526","Bucks","Thunder",97,95
"0021700527","Suns","Kings",111,101
"0021700528","Hornets","Warriors",111,100
"0021700529","Clippers","Lakers",121,106
"0021700530","Spurs","Pistons",79,93
"0021700531","Heat","Magic",117,111
"0021700532","Knicks","Pelicans",105,103
"0021700533","TrailBlazers","Hawks",89,104
"0021700534","Cavaliers","Jazz",101,104
"0021700535","Grizzlies","Warriors",128,141
"0021700536","76ers","Nuggets",107,102
"0021700537","Bulls","Wizards",110,114
"0021700538","Timberwolves","Pacers",107,90
"0021700539","Nets","Celtics",105,108
"0021700540","Lakers","Rockets",142,148
"0021700541","Mavericks","Thunder",116,113
"0021700542","Hornets","Clippers",98,106
"0021700543","Grizzlies","Kings",114,96
"0021700544","76ers","Suns",123,110
"0021700545","Magic","Nets",95,98
"0021700546","Bucks","Raptors",127,131
"0021700547","TrailBlazers","Bulls",124,120
"0021700548","Lakers","Timberwolves",96,114
"0021700549","TrailBlazers","Cavaliers",110,127
"0021700550","Spurs","Knicks",100,91
"0021700551","Hawks","Suns",103,104
"0021700552","Hornets","Kings",131,111
"0021700553","Grizzlies","Clippers",105,113
"0021700554","Rockets","Magic",116,98
"0021700555","Spurs","76ers",106,112
"0021700556","Knicks","Wizards",103,121
"0021700557","Timberwolves","Nets",97,98
"0021700558","Pistons","Heat",104,111
"0021700559","Cavaliers","Celtics",88,102
"0021700560","Raptors","Bulls",124,115
"0021700561","Pacers","Bucks",101,122
"0021700562","Warriors","Mavericks",125,122
"0021700563","Suns","Nuggets",111,134
"0021700564","Pelicans","Jazz",108,98
"0021700565","Thunder","Lakers",133,96
"0021700566","Warriors","Rockets",124,114
"0021700567","Thunder","Clippers",127,117
"0021700568","Knicks","Heat",103,107
"0021700569","Pistons","76ers",78,114
"0021700570","Timberwolves","Celtics",84,91
"0021700571","Raptors","Bucks",129,110
"0021700572","Bulls","Mavericks",127,124
"0021700573","Suns","Spurs",89,103
"0021700574","Jazz","Nuggets",91,99
"0021700575","Wizards","Grizzlies",102,100
"0021700576","Hawks","TrailBlazers",89,110
"0021700577","Hornets","Lakers",108,94
"0021700578","Warriors","Clippers",121,105
"0021700579","Celtics","Nets",87,85
"0021700580","Rockets","Pistons",101,108
"0021700581","Bulls","Pacers",86,125
"0021700582","Cavaliers","Magic",131,127
"0021700583","Bucks","Wizards",110,103
"0021700584","Pelicans","Timberwolves",98,116
"0021700585","Nuggets","Kings",98,106
"0021700586","Jazz","Heat",102,103
"0021700587","Knicks","Mavericks",100,96
"0021700588","Thunder","Suns",100,114
"0021700589","Spurs","TrailBlazers",110,111
"0021700590","Hawks","Lakers",113,132
"0021700591","Bucks","Pacers",96,109
"0021700592","Raptors","Nets",114,113
"0021700593","Rockets","Bulls",116,107
"0021700594","Cavaliers","Timberwolves",99,127
"0021700595","Pistons","Pelicans",109,112
"0021700596","Spurs","Kings",107,100
"0021700597","Nuggets","Warriors",114,124
"0021700598","Hawks","Clippers",107,108
"0021700599","Heat","Raptors",90,89
"0021700600","TrailBlazers","Thunder",117,106
"0021700601","Magic","Mavericks",99,114
"0021700602","Kings","Lakers",86,99
"0021700603","Mavericks","Hornets",115,111
"0021700604","Heat","Pacers",114,106
"0021700605","Jazz","Wizards",107,104
"0021700606","Pistons","Nets",114,80
"0021700607","Bulls","Knicks",122,119
"0021700608","TrailBlazers","Rockets",112,121
"0021700609","Pelicans","Grizzlies",102,105
"0021700610","Magic","Bucks",103,110
"0021700611","Thunder","Timberwolves",88,104
"0021700612","Hawks","Nuggets",110,97
"0021700613","Clippers","Warriors",125,106
"0021700614","Celtics","76ers",114,103
"0021700615","Cavaliers","Raptors",99,133
"0021700616","Clippers","Kings",121,115
"0021700617","Spurs","Lakers",81,93
"0021700618","Jazz","Hornets",88,99
"0021700619","Cavaliers","Pacers",95,97
"0021700620","Magic","Wizards",119,125
"0021700621","Nets","Hawks",110,105
"0021700622","Warriors","Bucks",108,94
"0021700623","Knicks","Timberwolves",108,118
"0021700624","TrailBlazers","Pelicans",113,119
"0021700625","Grizzlies","Nuggets",78,87
"0021700626","Rockets","Suns",112,95
"0021700627","Lakers","Mavericks",107,101
"0021700628","Kings","Clippers",105,126
"0021700629","Thunder","Hornets",101,91
"0021700630","Nets","Wizards",113,119
"0021700631","Warriors","Raptors",127,125
"0021700632","Pistons","Bulls",105,107
"0021700633","Nuggets","Spurs",80,112
"0021700634","Bucks","Heat",79,97
"0021700635","Pelicans","Knicks",123,118
"0021700636","Pacers","Suns",120,97
"0021700637","TrailBlazers","Timberwolves",103,120
"0021700638","Hornets","Pistons",118,107
"0021700639","Raptors","76ers",111,117
"0021700640","Bucks","Wizards",104,95
"0021700641","Spurs","Hawks",99,102
"0021700642","Knicks","Nets",119,104
"0021700643","Kings","Thunder",88,95
"0021700644","Heat","Bulls",111,119
"0021700645","Lakers","Grizzlies",114,123
"0021700646","Warriors","Cavaliers",118,108
"0021700647","Pacers","Jazz",109,94
"0021700648","Rockets","Clippers",102,113
"0021700649","Timberwolves","Magic",102,108
"0021700650","Pelicans","Celtics",116,113
"0021700651","Mavericks","Nuggets",102,105
"0021700652","Suns","TrailBlazers",111,118
"0021700653","Wizards","Hornets",109,133
"0021700654","Pelicans","Hawks",93,94
"0021700655","Spurs","Nets",100,95
"0021700656","Pistons","Raptors",91,96
"0021700657","Warriors","Bulls",119,112
"0021700658","Knicks","Grizzlies",99,105
"0021700659","Heat","Bucks",106,101
"0021700660","Lakers","Thunder",90,114
"0021700661","Jazz","Kings",120,105
"0021700662","Nuggets","Clippers",104,109
"0021700663","76ers","Celtics",89,80
"0021700664","Magic","Cavaliers",103,104
"0021700665","Timberwolves","Rockets",98,116
"0021700666","Pacers","TrailBlazers",86,100
"0021700667","Spurs","Raptors",83,86
"0021700668","Heat","Nets",95,101
"0021700669","Wizards","Pistons",122,112
"0021700670","Kings","Grizzlies",88,106
"0021700671","Suns","Nuggets",108,100
"0021700672","Knicks","Jazz",117,115
"0021700673","Pacers","Lakers",86,99
"0021700674","Thunder","Cavaliers",148,124
"0021700675","Bulls","Hawks",113,97
"0021700676","Heat","Hornets",106,105
"0021700677","Grizzlies","Pelicans",104,111
"0021700678","Bucks","76ers",94,116
"0021700679","Warriors","Rockets",108,116
"0021700680","Raptors","Timberwolves",109,115
"0021700681","Clippers","Jazz",113,125
"0021700682","Mavericks","TrailBlazers",108,117
"0021700683","Magic","Celtics",103,95
"0021700684","Knicks","Lakers",107,127
"0021700685","Nets","Pistons",101,100
"0021700686","Pacers","Spurs",94,86
"0021700687","Kings","Hornets",107,112
"0021700688","Jazz","Hawks",90,104
"0021700689","Heat","Rockets",90,99
"0021700690","76ers","Grizzlies",101,105
"0021700691","Suns","Bucks",105,109
"0021700692","Bulls","Pelicans",128,132
"0021700693","Wizards","Mavericks",75,98
"0021700694","TrailBlazers","Nuggets",101,104
"0021700695","Timberwolves","Clippers",126,118
"0021700696","Kings","Magic",105,99
"0021700697","Nets","Thunder",108,109
"0021700698","Cavaliers","Spurs",102,114
"0021700699","Knicks","Warriors",112,123
"0021700700","Celtics","Lakers",107,108
"0021700701","Pelicans","Hornets",101,96
"0021700702","Jazz","Pistons",98,95
"0021700703","Suns","Pacers",101,116
"0021700704","Bulls","76ers",101,115
"0021700705","Raptors","Hawks",108,93
"0021700706","Rockets","Mavericks",104,97
"0021700707","Spurs","Grizzlies",108,85
"0021700708","Timberwolves","TrailBlazers",114,123
"0021700709","Celtics","Clippers",113,102
"0021700710","Kings","Heat",89,88
"0021700711","Wizards","Thunder",112,121
"0021700712","Knicks","Nuggets",118,130
"0021700713","Timberwolves","Warriors",113,126
"0021700714","Hawks","Hornets",110,121
"0021700715","Pacers","Cavaliers",108,115
"0021700716","Jazz","Raptors",97,93
"0021700717","Lakers","Bulls",108,103
"0021700718","Clippers","Grizzlies",109,100
"0021700719","Nets","Bucks",91,116
"0021700720","Rockets","Pelicans",113,115
"0021700721","TrailBlazers","Mavericks",107,93
"0021700722","76ers","Spurs",97,78
"0021700723","Knicks","Suns",107,85
"0021700724","Thunder","Pistons",121,108
"0021700725","Magic","Pacers",112,114
"0021700726","Wizards","Hawks",129,104
"0021700727","Hornets","Heat",91,95
"0021700728","Celtics","Warriors",105,109
"0021700729","Nets","Timberwolves",97,111
"0021700730","Mavericks","Nuggets",89,91
"0021700731","Bucks","Bulls",110,96
"0021700732","Suns","Rockets",102,113
"0021700733","Clippers","Pelicans",112,103
"0021700734","Pistons","Cavaliers",104,121
"0021700735","Lakers","Raptors",111,123
"0021700736","76ers","Thunder",112,122
"0021700737","Kings","Spurs",98,113
"0021700738","Hornets","Pacers",96,105
"0021700739","Timberwolves","Hawks",100,105
"0021700740","Suns","Grizzlies",109,120
"0021700741","76ers","Bucks",95,107
"0021700742","Heat","Mavericks",95,88
"0021700743","Celtics","Nuggets",111,110
"0021700744","Thunder","Wizards",96,102
"0021700745","Nets","Knicks",95,111
"0021700746","Timberwolves","Raptors",104,109
"0021700747","Cavaliers","Pistons",114,125
"0021700748","Magic","Rockets",107,114
"0021700749","Kings","Pelicans",114,103
"0021700750","Nuggets","Spurs",104,106
"0021700751","Warriors","Jazz",99,129
"0021700752","TrailBlazers","Clippers",104,96
"0021700753","Grizzlies","Pacers",101,105
"0021700754","Lakers","Magic",105,127
"0021700755","Hornets","Hawks",123,110
"0021700756","76ers","Nets",108,116
"0021700757","Heat","Cavaliers",89,91
"0021700758","Knicks","Celtics",73,103
"0021700759","Bulls","TrailBlazers",108,124
"0021700760","Mavericks","Suns",88,102
"0021700761","Grizzlies","Pistons",102,104
"0021700762","Raptors","Wizards",119,122
"0021700763","Bucks","Timberwolves",89,108
"0021700764","Rockets","Spurs",102,91
"0021700765","Thunder","Nuggets",124,127
"0021700766","Pacers","Hornets",126,133
"0021700767","Hawks","Celtics",110,119
"0021700768","Lakers","Nets",102,99
"0021700769","TrailBlazers","Raptors",105,130
"0021700770","Heat","76ers",97,103
"0021700771","Knicks","Bucks",90,92
"0021700772","Pelicans","Thunder",114,100
"0021700773","Jazz","Suns",129,97
"0021700774","Warriors","Kings",119,104
"0021700775","Bulls","Clippers",103,113
"0021700776","Heat","Pistons",107,111
"0021700777","76ers","Pacers",92,100
"0021700778","Wizards","Magic",115,98
"0021700779","Rockets","Cavaliers",120,88
"0021700780","Pelicans","Timberwolves",107,118
"0021700781","Jazz","Spurs",120,111
"0021700782","Warriors","Nuggets",108,115
"0021700783","Mavericks","Kings",106,99
"0021700784","TrailBlazers","Celtics",96,97
"0021700785","Bucks","Nets",109,94
"0021700786","Hawks","Knicks",99,96
"0021700787","Grizzlies","Raptors",86,101
"0021700788","Lakers","Thunder",108,104
"0021700789","Hornets","Suns",115,110
"0021700790","TrailBlazers","Pistons",91,111
"0021700791","Wizards","Pacers",111,102
"0021700792","Magic","Heat",111,109
"0021700793","Jazz","Pelicans",133,109
"0021700794","Hornets","Nuggets",104,121
"0021700795","Bulls","Kings",98,104
"0021700796","Mavericks","Clippers",101,104
"0021700797","Cavaliers","Magic",98,116
"0021700798","Celtics","Raptors",91,111
"0021700799","Grizzlies","Hawks",82,108
"0021700800","Rockets","Nets",123,113
"0021700801","Bucks","Knicks",103,89
"0021700802","Wizards","76ers",102,115
"0021700803","Thunder","Warriors",125,105
"0021700804","Suns","Lakers",93,112
"0021700805","Nets","Pistons",106,115
"0021700806","Rockets","Heat",109,101
"0021700807","Timberwolves","Cavaliers",138,140
"0021700808","Jazz","Grizzlies",92,88
"0021700809","Pacers","Pelicans",92,96
"0021700810","Spurs","Suns",129,81
"0021700811","Hawks","Magic",98,100
"0021700812","Knicks","Raptors",88,113
"0021700813","Celtics","Wizards",110,104
"0021700814","Hornets","TrailBlazers",103,109
"0021700815","Mavericks","Warriors",103,121
"0021700816","Thunder","Lakers",81,106
"0021700817","Clippers","Pistons",108,95
"0021700818","Pelicans","76ers",82,100
"0021700819","Cavaliers","Hawks",123,107
"0021700820","Pacers","Celtics",97,91
"0021700821","Bucks","Heat",85,91
"0021700822","Timberwolves","Bulls",113,114
"0021700823","Nuggets","Rockets",104,130
"0021700824","Hornets","Jazz",94,106
"0021700825","TrailBlazers","Kings",118,100
"0021700826","Pelicans","Nets",138,128
"0021700827","Bucks","Magic",111,104
"0021700828","Clippers","76ers",98,112
"0021700829","Wizards","Bulls",101,90
"0021700830","Lakers","Mavericks",123,130
"0021700831","Spurs","Warriors",105,122
"0021700832","Nuggets","Suns",123,113
"0021700833","Raptors","Hornets",123,103
"0021700834","Pistons","Hawks",115,118
"0021700835","Cavaliers","Celtics",121,99
"0021700836","Knicks","Pacers",113,121
"0021700837","Mavericks","Rockets",97,104
"0021700838","Kings","Timberwolves",106,111
"0021700839","Grizzlies","Thunder",92,110
"0021700840","Jazz","TrailBlazers",115,96
"0021700841","Pelicans","Pistons",118,103
"0021700842","Knicks","76ers",92,108
"0021700843","Clippers","Nets",114,101
"0021700844","Magic","Bulls",101,105
"0021700845","Spurs","Jazz",99,101
"0021700846","Suns","Warriors",83,129
"0021700847","Heat","Raptors",112,115
"0021700848","Hawks","Bucks",92,97
"0021700849","Rockets","Timberwolves",126,108
"0021700850","Cavaliers","Thunder",120,112
"0021700851","Kings","Mavericks",114,109
"0021700852","Spurs","Nuggets",109,117
"0021700853","Hawks","Pistons",98,104
"0021700854","Hornets","Magic",104,102
"0021700855","Heat","76ers",102,104
"0021700856","Pacers","Nets",108,103
"0021700857","Wizards","Knicks",118,113
"0021700858","Clippers","Celtics",129,119
"0021700859","Raptors","Bulls",122,98
"0021700860","Kings","Rockets",91,100
"0021700861","Thunder","Grizzlies",121,114
"0021700862","Lakers","Pelicans",117,139
"0021700863","Suns","Jazz",97,107
"0021700864","Warriors","TrailBlazers",117,123
"0021700865","Nuggets","Bucks",134,123
"0021700866","Lakers","Timberwolves",111,119
"0021700867","Nets","Hornets",96,111
"0021700868","Knicks","Magic",120,113
"0021700869","Wizards","Cavaliers",110,103
"0021700870","76ers","Bulls",116,115
"0021700871","Thunder","Kings",110,107
"0021700872","Clippers","Warriors",127,134
"0021700873","Celtics","Pistons",110,98
"0021700874","Hawks","Pacers",93,116
"0021700875","Hornets","Wizards",122,105
"0021700876","Bucks","Raptors",122,119
"0021700877","Timberwolves","Rockets",102,120
"0021700878","Cavaliers","Grizzlies",112,89
"0021700879","Heat","Pelicans",123,124
"0021700880","Spurs","Nuggets",119,122
"0021700881","Clippers","Suns",128,117
"0021700882","TrailBlazers","Jazz",100,81
"0021700883","Mavericks","Lakers",102,124
"0021700884","Magic","76ers",105,116
"0021700885","Grizzlies","Heat",89,115
"0021700886","Celtics","Knicks",121,112
"0021700887","Thunder","Warriors",80,112
"0021700888","Bulls","Timberwolves",104,122
"0021700889","TrailBlazers","Suns",106,104
"0021700890","Mavericks","Jazz",90,97
"0021700891","Lakers","Kings",113,108
"0021700892","Pistons","Hornets",98,114
"0021700893","Pelicans","Bucks",123,121
"0021700894","Spurs","Cavaliers",110,94
"0021700895","76ers","Wizards",94,109
"0021700896","Rockets","Nuggets",119,114
"0021700897","Lakers","Hawks",123,104
"0021700898","Grizzlies","Celtics",98,109
"0021700899","Bulls","Nets",87,104
"0021700900","Warriors","Knicks",125,111
"0021700901","Pistons","Raptors",94,123
"0021700902","Suns","Pelicans",116,125
"0021700903","Magic","Thunder",105,112
"0021700904","Pacers","Mavericks",103,109
"0021700905","Rockets","Jazz",96,85
"0021700906","Timberwolves","Kings",118,100
"0021700907","Bulls","Hornets",103,118
"0021700908","Nets","Cavaliers",123,129
"0021700909","76ers","Heat",101,102
"0021700910","Wizards","Bucks",107,104
"0021700911","Kings","TrailBlazers",99,116
"0021700912","Clippers","Nuggets",122,120
"0021700913","Bucks","Pistons",87,110
"0021700914","Raptors","Magic",117,104
"0021700915","Pacers","Hawks",102,107
"0021700916","Hornets","Celtics",106,134
"0021700917","Warriors","Wizards",109,101
"0021700918","Suns","Grizzlies",110,102
"0021700919","Thunder","Mavericks",111,110
"0021700920","Pelicans","Spurs",121,116
"0021700921","Rockets","Clippers",105,92
"0021700922","Lakers","Heat",131,113
"0021700923","76ers","Cavaliers",108,97
"0021700924","Nets","Kings",111,116
"0021700925","Timberwolves","TrailBlazers",99,108
"0021700926","Pistons","Magic",106,115
"0021700927","Hornets","76ers",99,110
"0021700928","Warriors","Hawks",114,109
"0021700929","Raptors","Wizards",102,95
"0021700930","Mavericks","Bulls",100,108
"0021700931","Nuggets","Grizzlies",108,102
"0021700932","Pacers","Bucks",103,96
"0021700933","Thunder","Suns",124,116
"0021700934","Timberwolves","Jazz",108,116
"0021700935","Knicks","Clippers",105,128
"0021700936","Grizzlies","Magic",100,107
"0021700937","Nuggets","Cavaliers",126,117
"0021700938","Pistons","Heat",96,105
"0021700939","Celtics","Rockets",120,123
"0021700940","Lakers","Spurs",116,112
"0021700941","Thunder","TrailBlazers",100,108
"0021700942","Jazz","Kings",98,91
"0021700943","Suns","Hawks",112,113
"0021700944","Hornets","Raptors",98,103
"0021700945","Pacers","Wizards",98,95
"0021700946","Pelicans","Mavericks",126,109
"0021700947","76ers","Bucks",110,118
"0021700948","Nets","Clippers",120,123
"0021700949","Knicks","Kings",99,102
"0021700950","Pistons","Cavaliers",90,112
"0021700951","Bucks","Pacers",89,92
"0021700952","Suns","Heat",103,125
"0021700953","Celtics","Bulls",105,89
"0021700954","Grizzlies","Spurs",98,100
"0021700955","Magic","Jazz",80,94
"0021700956","TrailBlazers","Lakers",108,103
"0021700957","76ers","Hornets",128,114
"0021700958","Hawks","Raptors",90,106
"0021700959","Heat","Wizards",113,117
"0021700960","Rockets","Thunder",122,112
"0021700961","Nuggets","Mavericks",107,118
"0021700962","Knicks","TrailBlazers",87,111
"0021700963","Nets","Warriors",101,114
"0021700964","Pelicans","Clippers",121,116
"0021700965","Jazz","Pacers",104,84
"0021700966","Raptors","Pistons",121,119
"0021700967","Grizzlies","Bulls",110,119
"0021700968","Rockets","Bucks",110,99
"0021700969","Pelicans","Kings",114,101
"0021700970","Cavaliers","Nuggets",113,108
"0021700971","Magic","Lakers",107,108
"0021700972","Nets","Hornets",125,111
"0021700973","76ers","Heat",99,108
"0021700974","Celtics","Timberwolves",117,109
"0021700975","Suns","Thunder",87,115
"0021700976","Spurs","Warriors",107,110
"0021700977","Bulls","Pistons",83,99
"0021700978","Hawks","Pacers",87,112
"0021700979","Rockets","Raptors",105,108
"0021700980","Jazz","Grizzlies",95,78
"0021700981","Knicks","Bucks",112,120
"0021700982","Wizards","Pelicans",116,97
"0021700983","Lakers","Nuggets",116,125
"0021700984","Warriors","TrailBlazers",108,125
"0021700985","Magic","Kings",88,94
"0021700986","Cavaliers","Clippers",102,116
"0021700987","Suns","Hornets",115,122
"0021700988","Wizards","Heat",102,129
"0021700989","Grizzlies","Mavericks",80,114
"0021700990","Spurs","Thunder",94,104
"0021700991","Magic","Clippers",105,113
"0021700992","Raptors","Knicks",132,106
"0021700993","Bulls","Hawks",129,122
"0021700994","Warriors","Timberwolves",103,109
"0021700995","Jazz","Pelicans",116,99
"0021700996","Kings","Nuggets",104,130
"0021700997","Rockets","Mavericks",105,82
"0021700998","Pacers","Celtics",99,97
"0021700999","76ers","Nets",120,97
"0021701000","Cavaliers","Lakers",113,127
"0021701001","Spurs","Rockets",93,109
"0021701002","Bucks","Grizzlies",121,103
"0021701003","Kings","Thunder",101,106
"0021701004","Heat","TrailBlazers",99,115
"0021701005","Pacers","76ers",101,98
"0021701006","Timberwolves","Wizards",116,111
"0021701007","Thunder","Hawks",119,107
"0021701008","Raptors","Nets",116,102
"0021701009","Mavericks","Knicks",110,97
"0021701010","Clippers","Bulls",112,106
"0021701011","Hornets","Pelicans",115,119
"0021701012","Magic","Spurs",72,108
"0021701013","Pistons","Jazz",79,110
"0021701014","Cavaliers","Suns",129,107
"0021701015","Nuggets","Lakers",103,112
"0021701016","Bucks","Magic",117,126
"0021701017","Wizards","Celtics",125,124
"0021701018","Heat","Kings",119,123
"0021701019","Lakers","Warriors",106,117
"0021701020","Raptors","Pacers",106,99
"0021701021","Hornets","Hawks",129,117
"0021701022","76ers","Knicks",118,110
"0021701023","Clippers","Rockets",96,101
"0021701024","Bulls","Grizzlies",111,110
"0021701025","Pelicans","Spurs",93,98
"0021701026","Pistons","Nuggets",113,120
"0021701027","Suns","Jazz",88,116
"0021701028","Cavaliers","TrailBlazers",105,113
"0021701029","Celtics","Magic",92,83
"0021701030","Nets","76ers",116,120
"0021701031","Mavericks","Raptors",115,122
"0021701032","Clippers","Thunder",113,121
"0021701033","Kings","Warriors",98,93
"0021701034","Heat","Lakers",92,91
"0021701035","Pacers","Wizards",102,109
"0021701036","Rockets","Pelicans",107,101
"0021701037","Mavericks","Nets",106,114
"0021701038","Hornets","Knicks",101,124
"0021701039","Cavaliers","Bulls",114,109
"0021701040","Nuggets","Grizzlies",94,101
"0021701041","Hawks","Bucks",117,122
"0021701042","Timberwolves","Spurs",101,117
"0021701043","Kings","Jazz",97,103
"0021701044","Warriors","Suns",124,109
"0021701045","Pistons","TrailBlazers",87,100
"0021701046","Thunder","Raptors",132,125
"0021701047","Celtics","Pelicans",89,108
"0021701048","Rockets","Timberwolves",129,120
"0021701049","TrailBlazers","Clippers",122,109
"0021701050","Bucks","Cavaliers",117,124
"0021701051","Lakers","Pacers",100,110
"0021701052","Hornets","76ers",94,108
"0021701053","Grizzlies","Nets",115,118
"0021701054","Nuggets","Heat",141,149
"0021701055","Bulls","Knicks",92,110
"0021701056","Warriors","Spurs",75,89
"0021701057","Pistons","Kings",106,90
"0021701058","Raptors","Magic",93,86
"0021701059","Thunder","Celtics",99,100
"0021701060","Clippers","Timberwolves",109,123
"0021701061","Mavericks","Pelicans",105,115
"0021701062","Hawks","Jazz",99,94
"0021701063","Pistons","Suns",115,88
"0021701064","Rockets","TrailBlazers",115,111
"0021701065","Raptors","Cavaliers",129,132
"0021701066","Grizzlies","76ers",105,119
"0021701067","Hornets","Nets",111,105
"0021701068","Knicks","Heat",98,119
"0021701069","Nuggets","Bulls",135,102
"0021701070","Clippers","Bucks",127,120
"0021701071","Wizards","Spurs",90,98
"0021701072","Grizzlies","Hornets",79,140
"0021701073","76ers","Magic",118,98
"0021701074","Pistons","Rockets",96,100
"0021701075","Lakers","Pelicans",125,128
"0021701076","Jazz","Mavericks",119,112
"0021701077","Hawks","Kings",90,105
"0021701078","Clippers","Pacers",104,109
"0021701079","Nuggets","Wizards",108,100
"0021701080","Suns","Cavaliers",95,120
"0021701081","Timberwolves","Knicks",108,104
"0021701082","Nets","Raptors",112,116
"0021701083","Bucks","Bulls",118,105
"0021701084","Heat","Thunder",99,105
"0021701085","Jazz","Spurs",120,124
"0021701086","Celtics","TrailBlazers",105,100
"0021701087","Hawks","Warriors",94,106
"0021701088","Timberwolves","76ers",108,120
"0021701089","Bulls","Pistons",95,117
"0021701090","Suns","Magic",99,105
"0021701091","Pelicans","Rockets",91,114
"0021701092","Lakers","Grizzlies",100,93
"0021701093","Hornets","Mavericks",102,98
"0021701094","Cavaliers","Nets",121,114
"0021701095","Spurs","Bucks",103,106
"0021701096","Heat","Pacers",107,113
"0021701097","Clippers","Raptors",117,106
"0021701098","Knicks","Wizards",101,97
"0021701099","Celtics","Kings",104,93
"0021701100","TrailBlazers","Thunder",108,105
"0021701101","Hawks","Rockets",99,118
"0021701102","Jazz","Warriors",110,91
"0021701103","Knicks","Hornets",128,137
"0021701104","Lakers","Pistons",106,112
"0021701105","Nuggets","76ers",104,123
"0021701106","Grizzlies","Timberwolves",101,93
"0021701107","Celtics","Suns",102,94
"0021701108","Spurs","Wizards",106,116
"0021701109","Nuggets","Raptors",110,114
"0021701110","Cavaliers","Heat",79,98
"0021701111","Bulls","Rockets",86,118
"0021701112","TrailBlazers","Pelicans",107,103
"0021701113","Mavericks","Kings",103,97
"0021701114","Pacers","Warriors",92,81
"0021701115","Bucks","Clippers",98,105
"0021701116","Cavaliers","Hornets",118,105
"0021701117","Nets","Magic",111,104
"0021701118","Knicks","76ers",101,118
"0021701119","TrailBlazers","Grizzlies",103,108
"0021701120","Hawks","Timberwolves",114,126
"0021701121","Celtics","Jazz",97,94
"0021701122","Clippers","Suns",111,99
"0021701123","Mavericks","Lakers",93,103
"0021701124","Wizards","Pistons",92,103
"0021701125","Bulls","Heat",92,103
"0021701126","Thunder","Spurs",99,103
"0021701127","Pacers","Kings",106,103
"0021701128","Bucks","Warriors",116,107
"0021701129","Bulls","Magic",90,82
"0021701130","76ers","Hawks",101,91
"0021701131","Pelicans","Cavaliers",102,107
"0021701132","Suns","Rockets",103,104
"0021701133","Nuggets","Thunder",126,125
"0021701134","Timberwolves","Mavericks",93,92
"0021701135","Grizzlies","Jazz",97,107
"0021701136","Bucks","Lakers",124,122
"0021701137","Clippers","TrailBlazers",96,105
"0021701138","Hornets","Wizards",93,107
"0021701139","Pistons","Knicks",115,109
"0021701140","Raptors","Celtics",99,110
"0021701141","Nets","Heat",110,109
"0021701142","Warriors","Kings",112,96
"0021701143","76ers","Hornets",119,102
"0021701144","Wizards","Bulls",94,113
"0021701145","Rockets","Spurs",83,100
"0021701146","Pacers","Clippers",111,104
"0021701147","Magic","Hawks",88,94
"0021701148","Pistons","Nets",108,96
"0021701149","Mavericks","Cavaliers",87,98
"0021701150","Thunder","Pelicans",109,104
"0021701151","Jazz","Timberwolves",121,97
"0021701152","Bucks","Nuggets",125,128
"0021701153","Suns","Warriors",107,117
"0021701154","Grizzlies","TrailBlazers",98,113
"0021701155","Kings","Lakers",84,83
"0021701156","Raptors","Cavaliers",106,112
"0021701157","Nets","76ers",95,121
"0021701158","Hawks","Heat",98,101
"0021701159","Magic","Knicks",97,73
"0021701160","Hornets","Bulls",114,120
"0021701161","Wizards","Rockets",104,120
"0021701162","Celtics","Bucks",102,106
"0021701163","Warriors","Thunder",111,107
"0021701164","TrailBlazers","Mavericks",109,115
"0021701165","Pacers","Nuggets",104,107
"0021701166","Lakers","Jazz",110,117
"0021701167","Kings","Suns",94,97
"0021701168","Spurs","Clippers",110,113
"0021701169","76ers","Pistons",115,108
"0021701170","Mavericks","Magic",100,105
"0021701171","Celtics","Raptors",78,96
"0021701172","Heat","Hawks",115,86
"0021701173","Grizzlies","Pelicans",95,123
"0021701174","Spurs","Lakers",112,122
"0021701175","Warriors","Pacers",106,126
"0021701176","Wizards","Cavaliers",115,119
"0021701177","TrailBlazers","Rockets",94,96
"0021701178","Nets","Bucks",119,111
"0021701179","Clippers","Jazz",95,117
"0021701180","Timberwolves","Nuggets",96,100
"0021701181","Mavericks","Pistons",106,113
"0021701182","Hornets","Magic",137,100
"0021701183","Cavaliers","76ers",130,132
"0021701184","Hawks","Wizards",103,97
"0021701185","Bulls","Celtics",104,111
"0021701186","Heat","Knicks",98,122
"0021701187","Pacers","Raptors",73,92
"0021701188","Kings","Grizzlies",94,93
"0021701189","Pelicans","Suns",122,103
"0021701190","Timberwolves","Lakers",113,96
"0021701191","Nuggets","Clippers",134,115
"0021701192","Bucks","Knicks",115,102
"0021701193","Nets","Bulls",124,96
"0021701194","Thunder","Rockets",108,102
"0021701195","Pelicans","Warriors",126,120
"0021701196","TrailBlazers","Spurs",105,116
"0021701197","Pacers","Hornets",123,117
"0021701198","Mavericks","76ers",97,109
"0021701199","Pistons","Grizzlies",117,130
"0021701200","Magic","Raptors",101,112
"0021701201","Jazz","Lakers",112,97
"0021701202","Hawks","Celtics",112,106
"0021701203","Warriors","Suns",117,100
"0021701204","Raptors","Pistons",108,98
"0021701205","Bulls","Nets",105,114
"0021701206","Thunder","Heat",115,93
"0021701207","Cavaliers","Knicks",123,109
"0021701208","Magic","Bucks",86,102
"0021701209","Grizzlies","Timberwolves",94,113
"0021701210","Kings","Spurs",85,98
"0021701211","TrailBlazers","Nuggets",82,88
"0021701212","Pelicans","Clippers",113,100
"0021701213","Hornets","Pacers",119,93
"0021701214","76ers","Hawks",121,113
"0021701215","Celtics","Wizards",101,113
"0021701216","Suns","Mavericks",124,97
"0021701217","Warriors","Jazz",79,119
"0021701218","Rockets","Lakers",105,99
"0021701219","Nets","Celtics",97,110
"0021701220","Knicks","Cavaliers",110,98
"0021701221","Raptors","Heat",109,116
"0021701222","Wizards","Magic",92,101
"0021701223","Bucks","76ers",95,130
"0021701224","Pistons","Bulls",119,87
"0021701225","Nuggets","Timberwolves",106,112
"0021701226","Spurs","Pelicans",98,122
"0021701227","Grizzlies","Thunder",123,137
"0021701228","Lakers","Clippers",115,100
"0021701229","Jazz","TrailBlazers",93,102
"0021701230","Rockets","Kings",83,96
